{"use_case": "pjm5", "strategy": "sdp", "n_qubits": 8, "trials": [{"convergence_trace": [135355.39030215528, 115543.71158315036, 116664.96965390985, 93369.07767302598, 87913.3099819101, 87567.46319730277, 79264.48088841862, 78922.30791579426, 84699.145467442, 67415.4484116649, 72137.84914126046, 63903.079480879554, 54153.418775817365, 53669.96803976368, 50304.79887654053, 55040.291193173434, 63009.442794408096, 56062.108083667394, 57910.11541191947, 52754.719460218555, 55854.27653666489, 60686.7413481308, 61166.72391528074, 54932.90030990762, 61096.17849301497, 76725.28344521795, 52162.24657798687, 63935.438403912594, 52733.89656507464, 57543.49593232588, 52383.96468232587, 57210.91877581735, 53322.28434916488, 79439.8340650529, 54768.3458161052, 59271.67742767312, 50965.86809141612, 48967.142626540524, 47000.878421995396, 53803.898179227086, 48821.98540804904, 76904.75206608303, 51905.81902116738, 56679.20648242517, 47994.52479337953, 52756.55636621002, 52756.55636621002, 51092.2449638344, 50759.66780732589, 69502.60266009673, 48065.13478175799, 65973.68301264303, 48786.322636869416, 51636.631424317005, 51976.27776342022, 52338.833290277165, 49102.90967199538, 49331.76975722105, 48250.33542096127, 56790.99189693428, 51790.781572821004, 64881.24999997434, 50262.06934399787, 52310.87196538203, 56718.59778537305, 56042.86108598741, 49664.55255680882, 49508.56082127063, 52194.70783831736, 47312.38975334786, 50778.65379647832, 49016.75297003199, 48393.86137654053, 50656.36202220149, 48341.11424973278, 46682.84478304905, 50604.914772718555, 46792.63558883441, 51887.038675094176, 48115.70522339011, 49726.52682721209, 48521.86951187102, 48992.58764849257, 47699.35659864782, 48226.3757425011, 49567.56230629175, 46670.248902366955, 49572.85914900962, 50403.17277891652], "best_proxy": 12230.0, "final_obj": 50403.17277891652, "nfev": 89, "wall_time": 1.6772023550001904}, {"convergence_trace": [136146.51020143216, 119392.12583934797, 116197.52921615088, 99960.4038610375, 85973.57357307401, 84281.66629001555, 89545.61466940618, 77656.70745091428, 84403.3682528182, 71321.74280086542, 72310.22210742404, 69448.7380552549, 59026.0564630529, 59810.9736570098, 61839.391464345535, 64429.95932333295, 63118.45089745252, 64648.15744445894, 58263.354048281675, 62900.95703123697, 67250.29490571834, 58224.111085988196, 61332.69531248655, 62329.0786415166, 57786.76071796176, 83358.43782279697, 61437.63074637111, 60901.221106650766, 55493.86202219833, 54533.19150308854, 58478.47882230277, 52453.055107168606, 55849.217297251176, 80737.53873963443, 55116.655959441014, 51780.01178330598, 51153.87122287224, 47582.15327994749, 51405.63145660113, 50441.73521434949, 53804.72204286127, 71631.99186463676, 52633.882037692696, 47221.010136869816, 53347.46707126985, 48349.277182323516, 52692.62154570078, 46267.39540288201, 52625.07021563939, 83223.1871448464, 50641.90599172195, 56815.582224932194, 51394.03893335567, 49266.41367508981, 52669.40615313856, 47979.05265365406, 50936.987183614976, 55124.65344136017, 48090.63549198287, 50304.549328499175, 51161.61592844716, 63008.759362062076, 48555.6598656902, 61648.86573474005, 49693.78841682757, 57439.630520385515, 47087.22898371821, 52050.994156752036, 48150.18159219012, 65963.3638945992, 46737.38232824261, 50460.55397726133, 47091.14798552715, 51961.627388936045, 53010.789643582495, 49613.25639203328, 51260.48908831223, 48998.45154311824, 48746.774599679185, 78784.9162254272, 48142.808141776324, 62279.19986439517, 47316.29180654834, 83038.93207640456, 49494.21003356332, 52065.12509683775, 47772.026084699515, 80966.34297516709, 47314.724464090184, 64902.756650284085, 49792.20686982234, 76947.0569149934, 48093.67833159874, 64067.56166061458, 53080.38481403619, 75281.33942403484, 49805.1131521029, 48247.27127452391], "best_proxy": 12230.0, "final_obj": 48247.27127452391, "nfev": 98, "wall_time": 1.9418861759986612}, {"convergence_trace": [132798.49012136992, 114089.4799199272, 112466.82835096517, 99035.05697958177, 90826.7074509139, 88901.29083805211, 82908.47510974639, 83923.01362343502, 87229.33464615482, 79615.44615184558, 78983.78212163084, 79551.88484632147, 68176.81479208493, 63246.89017302554, 59143.32854466821, 63977.18023629878, 70063.28302555253, 62269.82809270444, 67726.5913933228, 58311.99073475036, 61968.319989657255, 63964.31689048367, 64800.39385329388, 62613.72013815851, 64143.9062499862, 94012.65286023747, 59288.81295195077, 60388.30207256169, 62421.14152891377, 64527.97601367597, 64048.83393593814, 59098.391980877546, 63213.31450153734, 83552.79054748487, 61393.217329533676, 62279.550458406884, 62630.456805256035, 62833.5895531906, 52983.32015107273, 50875.39885716743, 50449.17403795361, 76867.57990053478, 50954.447152621906, 49579.71623190813, 51311.232889966646, 49498.90495866421, 51131.47033185531, 52243.20005809634, 53076.98895918247, 76712.49531892374, 53093.99180008981, 51901.115056801726, 58165.39869574728, 50523.773243786236, 49571.32683366382, 50265.19321408819, 50771.335388674386, 71778.13081091568, 54534.81372674268, 59632.792161649864, 49279.375807063385, 53510.53977271576, 52086.84513815814, 59812.91629001591, 45501.16719394626, 70870.49489924406, 53633.19101884063, 49859.25071021499, 51499.500742498334, 55778.132909337364, 53981.591877571096, 47207.03496254017, 52219.23279311825, 53816.5152053089, 49493.30481662027, 53529.72559399708, 50078.21506972107, 67274.82906118168, 51275.09442793127, 75259.48524660798, 51419.29235535972, 69430.12025436263, 54782.497255927236, 77583.38746122627, 50921.72746641456, 70354.72688530249, 47857.504519617025, 78378.16971199788, 48157.70822571172, 72193.26978948423, 49460.06698733289, 67242.35069082654, 50937.849948335286, 68491.0498450142, 50560.07667225036, 71740.3538222807, 51004.79258134219, 67345.01436593452, 49984.395015483715, 74795.7199121544, 50242.753099161346, 71588.17697569473, 51466.828996630444, 69682.07757615906, 52574.48137266378, 69018.86476624268, 49352.1460162585, 72169.55691499855, 54063.968072041076, 49914.675716671525, 47955.648243789, 49498.222656238155, 45599.34707514305, 48143.19118025843, 53623.16599946991], "best_proxy": 12230.0, "final_obj": 53623.16599946991, "nfev": 115, "wall_time": 2.25662106800155}]}